Author,Articles
Moondragon21,13
CarmenEsparzaAmoux,32
Flemmish Nietzsche,1
Galobtter,2
Robertsky,24
Oleg Yunakov,6
Triggerhippie4,6
PLATEL,1
The Pict's,1
Osps7,17
Ainty Painty,30
Personisinsterest,6
ElijahPepe,24
Freedom's Falcon,1
Aqeccac,1
Salfanto,2
Vice regent,10
Noopur28,2
Sakiv,9
Longhornsg,45
Ghazaalch,3
Kizor,1
The Great Mule of Eupatoria,5
Prodrummer619,9
WeatherWriter,17
Lajmmoore,3
GvTara,1
Thief-River-Faller,2
Iskandar323,32
Ecrusized,10
Crampcomes,7
Homerethegreat,8
ForsythiaJo,18
שלומית ליר,1
Selfstudier,10
Bohemian Baltimore,2
Loksmythe,16
Starship.paint,2
Eladkarmel,45
Mindthem,2
John Cummings,4
XavierGreen,1
HumilatedGoan,1
CommissarDoggo,1
Dynamo128,1
Sajjjjr,1
Marokwitz,7
GorillaWarfare,2
Fuzheado,3
Skitash,4
Neegzistuoja,1
Jprg1966,3
Leaky.Solar,2
DivineReality,1
Richard Nevell,1
Infinity Knight,1
Wierzba,5
MountainDew20,6
EytanMelech,7
JulenBengoitia,1
ToadetteEdit,1
ArcMachaon,1
OliveTree39,2
Shushugah,5
Bri,3
Dsp13,9
Gobonobo,2
علاء,6
Dippiljemmy,1
Midrashah,3
Ronash,3
Nableezy,6
Professor Penguino,3
Classicwiki,1
ManOnTheMoon92,2
Keizers,13
Red-tailed hawk,2
Sawerchessread,6
HearbreakingSuperman,1
PopularGames,1
Woofboy,1
DERPALERT,1
Chomik1129,4
RodRabelo7,4
मल्ल,2
TheXuitts,1
טבעת-זרם,2
Another Believer,16
BilledMammal,13
WillowCity,1
Bijak riyandi,1
Jarble,5
Jmanlucas,2
Showib Ahmmed,2
Dylanvt,4
Docentation,1
GidiD,2
TimothyBlue,2
Buidhe,8
Levivich,3
Sallyboy's Knowledge,2
Josethewikier,1
Royalrec,1
HadesTTW,3
BlueFreee,2
Ayunipear,1
Onceinawhile,11
Thriley,4
Kencf0618,5
Barzamin,1
Encyloedit,3
Maciej Mucharski,10
RowanJ LP,3
Fixer88,6
Cremastra,3
Makeandtoss,12
PatGallacher,2
SomeDutchGuy22,2
Aral90,1
Chongkian,4
Gray eyes,1
AnomieBOT,158
XTheBedrockX,25
NesserWiki,16
Omnipaedista,13
Curb Safe Charmer,1
Vanderwaalforces,1
Andrevan,2
Joy,2
Borysk5,2
President Loki,1
Chessrat,2
SaintPaulOfTarsus,2
WikiCleanerMan,2
Fritzmann2002,1
Nythar,2
ShovelandSpade,1
InfiniteNexus,13
Skakkle,4
Amakuru,8
Lukt64,12
Maddy from Celeste,2
Mike Selinker,1
Nice4What,2
Super Dromaeosaurus,2
SocDoneLeft,3
Trimton,1
Phoenix7777,1
Cactinites,3
Fuppimuppi,8
Theleekycauldron,1
QalasQalas,1
Chikodolog,1
Boud,6
Pirate of the High Seas,2
Huldra,3
Pngdeity,3
Uwhoff,1
Mdaniels5757,1
ZimZalaBim,1
LunaEclipse,1
Ætoms,1
Oronsay,1
Neux-Neux,1
Toadspike,1
HappyWithWhatYouHaveToBeHappyWith,1
FuzzyMagma,2
NasssaNser,1
Wikishovel,2
ZxxZxxZ,1
Galamore,1
Lightspecs,2
King of Hearts,1
LolingTom,4
Greyshark09,1
Abo Yemen,6
FOARP,3
Jengod,2
Popcornfud,1
Illegitimate Barrister,3
The Transhumanist,2
Schwede66,1
Sm8900,1
Adumbrativus,3
Family27390,6
Teterev53,1
Llammakey,1
Lklundin,1
NeverBeGameOver,1
Faldi00,2
Laterthanyouthink,5
LlywelynII,1
Paine Ellsworth,1
Koavf,4
Wafflefrites,1
Jeaucques Quœure,2
Panamitsu,5
BegbertBiggs,4
Smasongarrison,2
Davide King,2
GnocchiFan,4
This is Paul,1
Lightoil,2
Liftarn,1
Tony24644,3
Wikiexplorationandhelping,2
RowanJ LP2,2
Gonnym,4
Evaporation123,2
Peleio Aquiles,1
SafariScribe,1
Arminden,4
Mooonswimmer,2
Xaneqînî,9
Dicklyon,5
Petru30,1
Artem.G,1
IshChasidecha,1
Robert McClenon,2
Keivan.f,1
Scu ba,2
Egeymi,5
Raydann,2
The Emperah,1
TubularWorld,1
Isi96,2
Michael7604,1
Chronus,1
Lonniemitchell22,2
Laurenschneider210,1
Catboy69,1
SWinxy,1
Immigrant laborer,1
Kire1975,1
CommunityNotesContributor,1
Cfls,3
Esolo5002,1
Reading Beans,5
Tajotep,1
Havradim,1
Kiwiz1338,2
Dubstar44,1
PoisonHK,1
HAL333,1
A normal commentor,1
LilianaUwU,3
Newm30,2
Tamzin,3
N2e,1
Completely Random Guy,2
Mattdaviesfsic,1
LethologicalLinguophile,1
Whatever748,3
Sam Sailor,1
VNW060222,4
Sundostund,4
Peacemaker67,1
Lau737,1
Qwerfjkl (bot),2
Feminist,2
WikiJunkie,1
Kk.urban,1
KlayCax,1
Idris.albadufi,1
Magonz,1
Jack4576,1
Arlo Barnes,1
Madrid shoes,1
Jebiguess,6
Kambai Akau,1
Vinegarymass911,23
AManWithNoPlan,3
JAMB2023,1
Mr. Lechkar,2
Johshh,1
Mistamystery,1
Bill3602,1
CambridgeBayWeather,1
NoonIcarus,3
Christsos,2
Scriptese,1
Kiri of Karitane,1
KnowledgeShouldBeFreeForAll,1
RayScript,1
TheAmazingRaspberry,1
Bluerasberry,1
AnarchistiCookie,1
Gamaliel,1
Purplebackpack89,1
Alalch E.,3
WikiFouf,2
SammySpartan,1
Mar4d,1
Neutrality,1
Al Shaykh Al Kasuri,2
Comp.arch,1
User7681,1
AgisdeSparte,3
Apaugasma,1
Ahecht,1
Shadowwarrior8,2
LegalSmeagolian,1
Xintutu,1
ThePaganUK,1
Knightoftheswords281,1
Staraction,1
Salandarianflag,1
TheBishopAndHolyPrince,2
Adriazeri,1
Wikieditor019,1
Starklinson,7
Elli,3
Alon Alush,2
TruxtVerified,1
Rh0809,1
Sinucep,1
Lionel Cristiano,2
Pieceofmetalwork,1
X2023X,3
Gianluigi02,1
BottleOfSoup,2
Donaldd23,1
Anand2202,1
N niyaz,1
Forest576,1
Diannaa,1
OwlsTalon,1
Jpbowen,1
日期20220626,1
אקסינו,3
ARandomName123,1
FromCzech,1
Dominus Moravian,1
Hildeoc,1
Banderas,1
CapitalSasha,2
Paco Markon,1
Ultimograph5,1
I.am.a.qwerty,1
Jayen466,2
Victorgrigas,1
WikiOriginal-9,1
SuperJew,1
Srnec,1
Surtsicna,1
Jenks24,2
Black Kite,1
Fjmustak,1
RogerYg,1
DRosenbach,1
Zbase4,2
BappleBusiness,1
Serchia,1
SpinnerLaserzthe2nd,1
Parham wiki,2
SunDawn,1
Piotrus,2
Bensci54,2
The Kip,1
TheArmchairSoldier,1
Baratiiman,2
Uriahheep228,2
Οἶδα,1
Ayesha46,1
Adelee296,1
Basketthou9,1
Boxes12,1
Deb,1
TimeEngineer,1
THeShavidow1,1
Renamed user g5s6n3yi8z7g08cs,1
Tuckerresearch,1
JASpencer,1
Varmapak,1
GoldenBootWizard276,1
Dan Palraz,2
EnfantDeLaVille,1
Cadenrock1,1
Wracking,1
Shadow311,1
Bradv,1
Thenightaway,1
The Midnite Wolf,1
Chaotic Enby,1
MaliMail,2
Underdwarf58,1
Iamveryshy22,2
Christophervincent01,1
Gog the Mild,2
Facts707,1
Chicken4War,1
Lmpesantezt,1
Brudelman,1
Sir Rapator,1
Lukasvdb99,1
Sam6897,2
NeosZanadu,1
Astral.Pirate25,1
Vanisherman,1
RightQuark,2
InvadingInvader,1
Qafaa,1
Deerove,1
Untiforgins,2
Bobfrombrockley,1
Wow,1
Danidamiobi,1
BoldLuis,1
Yxuibs,1
Dora the Axe-plorer,1
Hanay,1
TheLibyanGuy,1
HudecEmil,1
Silence of Lambs,1
RedSoxFan274,1
Teatreez,2
Abishe,1
Amuseclio,1
SMcCandlish,1
TypistMonkey,1
Skarz,1
Bkissin,1
Eyadino,1
Abdelrhman 1990,1
Daftard,1
Solidarityandfreedom,1
Zylostr,1
RossoSPC,1
Afus199620,1
Liz,3
AHI-3000,1
BDD,1
StAnselm,1
Aqsian313,2
Yorkshiresky,1
AFGthing,1
Tiny Particle,2
Romanov loyalist,1
DukeOfDelTaco,5
Politicdude,2
Memevietnam98,1
The Hammer of Thor,1
Longestview,1
SpringField23402,1
SounderBruce,1
A. Randomdude0000,1
Rushtheeditor,1
Roc0ast3r,1
Christhegeek517,1
David O. Johnson,2
Mark and inwardly digest,1
Borgenland,1
GBR1961,1
Tim O'Doherty,1
Ashmedai 119,1
Anupam,1
Sahaib,1
Aredoros87,1
Fjkcs,1
Dan Leonard,1
Lumidek,1
Theroadislong,1
Carwil,1
BastianMAT,1
ViperSnake151,3
Prisencolin,1
Rodw,2
Extraordinary Writ,3
Berber.Enjoyer2,1
Agowa,1
UtherSRG,3
Mudwater,1
Sebaspikyaq,1
אסף טל דורון 317,1
Mvcg66b3r,3
Eurohunter,1
Antoni12345,1
PARAKANYAA,2
Bedivere.cs,2
TJMSmith,2
Starcheerspeaksnewslostwars,1
Wizmut,1
Cavarrone,1
BaduFerreira,1
Hotwiki,2
Voorts,3
Feoffer,1
D. Benjamin Miller,1
Supreme Deliciousness,2
TraderHoes,1
Rtruskey,1
Malkawi99,1
Racnela21,1
Ss112,2
Srguan,1
Torimem,2
Brifyjek,1
Woodlot,1
Merv Mat,1
B3251,1
Malerisch,1
Digiulio8,1
Pythoncoder,1
Yunuswesley,1
UnitedStatesian,1
Maxeto0910,1
Zendrago X,1
Illusion Flame,1
Altenmann,1
Taavi,1
FSbiran,1
POWERStarz2004 the 2nd,1
Dn9ahx,1
Deacon of Pndapetzim,1
Seakingk,1
RScheiber,1
Kmtvfan,2
Thebiguglyalien,1
Fgnievinski,1
Hemant Dabral,1
WiinterU,3
Bluesatellite,1
WordSilent,1
Dustfreeworld,1
TechnicalNewt,3
Hameltion,1
Sammi Brie,1
Intrisit,3
Darkwebhistory,1
JSFarman,1
Northern Moonlight,1
Trainrobber66,1
AnkurPl,1
Soni,1
The Anome,1
1949mercury,3
Ezlev,1
Mine2480,1
Rosguill,1
PontiffSulivahn,4
Iveagh Gardens,1
Kaihsu,1
Zanahary,1
RayneVanDunem,2
WatkynBassett,1
Trakking,1
Johnson524,1
Seawolf35,1
Titus Gold,1
Allan Nonymous,2
EvanTech10,2
Msw1002,1
Rameshchaudhari1,1
Pppery,1
Jmg999,1
Justinkunimune,1
Second Skin,1
FoodforLLMs,1
TipsyElephant,2
Headhitter,1
Benmathieson901,1
김지성1,1
Mellamelina,1
My very best wishes,1
Gert7,1
Mtlh01p,2
MaxnaCarta,1
TheGreatestLuvofAll,1
SilverLocust,1
Ragnarvrollo,2
Arcahaeoindris,1
HertzDonuts,1
Killarnee,1
Aciram,1
TartarTorte,1
Toptanazikov,2
Schwarzkopf 91,1
TVHead,1
Liaton9000,1
Privateeih,1
Changeworld1984,1
Valereee,2
Rotideypoc41352,2
OWaunTon,1
Wbm1058,2
Alfedda,1
Brandmeister,1
Jim 2 Michael,1
Czar,1
Jonashtand,2
MagyarNavy1918,1
Fadesga,1
BilCat,1
Hemmers,1
Slinking Agony,1
ElKevbo,1
Station1,1
Teddyg3892,1
TheWikiMan95,1
Flabshoe1,1
Tornadostooge,1
Cypp0847,1
Omnis Scientia,2
Qwertyu1002,1
Clairvius Narcisse,1
Novem Linguae,1
Aneirinn,1
Kiran891,1
RandomToons,1
W9793,1
Yeeno,1
Akandkur,2
Shewasafairy,1
Skuld,1
GustavoCza,1
AriTheHorse,1
Chifonr,1
Ikangoreng242,1
PootisHeavy,2
Muboshgu,1
Kharbaan Ghaltaan,1
Andykatib,1
Lamro,1
Landplane123,1
Lord Maximoff,1
Espngeek,1
Artemis Andromeda,2
DankJae,1
Yadsalohcin,1
Prince of Erebor,1
SheikhHossein,1
Jackie.salzinger,1
S584h,1
Hometown Kid,1
Roadnite56,1
Steel1943,1
Elephantranges,1
Speichli,1
Jax 0677,1
I'm tla,1
ResonantDistortion,1
Alexandr.gavriluk,3
Lk95,2
CPR FRANCE,1
Hyphenation Expert,1
Crunchydillpickle,1
Quangson306,1
Chiswick Chap,1
The Grid,1
Lylara,1
A455bcd9,1
Bon courage,1
Gornos,1
Smallchief,1
Quickbar,1
DecafPotato,1
Nattasorn2001,1
TheDoodbly,1
GalacticOrbits,1
Joe Roe,1
Daask,1
Spaghettifier,1
TempoaryAcc,1
Teluobir,1
Calwatch,1
Geghani,1
Stickguy,1
Bremps,1
Luke10.27,1
Super ninja2,1
Dovidroth,1
UnspokenPassion,1
Vic Park,1
Zingo156,1
Das osmnezz,2
Boubloub,1
Apoxyomenus,1
BhamBoi,1
GoldAu79,1
GalaxyFighter55,1
Викидим,1
Natimblopez,1
Ajfweb,1
Tassedethe,1
VenezuelanSpongeBobFan2004,1
Gus Polly,1
BD2412,1
Noclador,1
Stran20,1
Bluetik,1
Ravenpuff,1
Bridget,1
Laffygramma,1
Anomalocaris,1
Rusted AutoParts,1
WhatamIdoing,1
WMrapids,1
Kingtahmaspsafavi,1
Ekis2020,1
Iljhgtn,1
JackTheSecond,1
StarTrekker,1
인케,1
JJ2104,1
Lucas 250599,1
Seaweed,1
MER-C,1
Augenis,1
Mathglot,1
Jackedano,1
DapperPotato,1
DigitalIceAge,1
Oltrepier,1
UpdateNerd,1
Yue,1
